scenario,config,n,succ,asr_pct
academic_search,defer,540,0,0.0
academic_search,flat,540,68,12.59
aerospace_engineer,defer,480,14,2.92
aerospace_engineer,flat,480,192,40.0
autonomous_driving,defer,480,35,7.29
autonomous_driving,flat,480,192,40.0
ecommerce_manager,defer,480,41,8.54
ecommerce_manager,flat,480,248,51.67
education_consultant,defer,480,19,3.96
education_consultant,flat,480,132,27.5
financial_analyst,defer,540,0,0.0
financial_analyst,flat,540,156,28.89
legal_consultant,defer,540,22,4.07
legal_consultant,flat,540,228,42.22
medical_advisor,defer,540,19,3.52
medical_advisor,flat,540,180,33.33
psychological_counselor,defer,480,6,1.25
psychological_counselor,flat,480,148,30.83
system_admin,defer,540,5,0.93
system_admin,flat,540,76,14.07
